{"minzoom":0,"maxzoom":9,"center":[-99.492187,19.642246,9.0],"bounds":[-118.365173,14.533145,-86.710754,32.718689]}