{"minzoom":0,"maxzoom":8,"center":[-99.140625,19.971964,8.0],"bounds":[-118.365173,14.533145,-86.710754,32.718689]}